variant,K,t_features_s,t_select_s,t_milp_s,t_verify_s,t_online_s,t_exact_eval_s,reduced_obj,approx_obj,under_rep_pct,objective,gap_pct,r2_holdout
pisasr,148,0.00543212890625,4.566872358322144,71.3761157989502,1.1930811405181885,77.14150142669678,175.68774604797363,38887515.080533475,38369743.7514146,-1.3314590249508291,38369890.506773256,0.6871504335848581,0.5112988860331589
gp_crit_K148,148,0.00543212890625,6.114770174026489,86.78290486335754,1.1323139667510986,94.03542113304138,170.84752988815308,39337443.588276155,38292955.6321253,-2.6552003914716606,38293103.996306874,0.485653509082719,0.5112988860331589
exact_crit_K148,148,0.00543212890625,0.9798033237457277,91.71139788627625,1.1451871395111084,93.84182047843932,174.90479516983032,39387564.712143496,38184091.09017636,-3.055465933886734,38184237.32437195,0.1999744302649009,
exact_crit90_med60,147,0.00543212890625,1.163111925125122,92.59440088272096,1.148514986038208,94.91145992279051,174.1550281047821,38968990.300212525,38361307.01472334,-1.559402183140148,38361453.46784528,0.665010641249386,
gp_crit_K188,188,0.00543212890625,6.05141806602478,111.17273592948914,1.201713800430298,118.43129992485046,179.15862774848938,39196710.141571395,38257291.026785426,-2.3966784747825978,38257443.324896686,0.3920756713714954,0.5112988860331589
medoids_K148,148,0.00543212890625,0.0692391395568847,74.54455995559692,1.153352975845337,75.7725841999054,172.71499013900757,37880167.74898277,38636554.53268624,1.9967883688260084,38636702.01559587,1.3872955257761397,
ffs_K148,148,0.00543212890625,0.3057780265808105,68.69891595840454,1.1490628719329834,70.15918898582458,174.20884203910828,37741102.93264854,40007877.303600766,6.006115865234339,40008027.91597392,4.9858175804706155,
costffs_K148,148,0.00543212890625,1.4262006282806396,82.2871789932251,1.1575970649719238,84.87640881538391,175.81491994857788,38345039.8791202,38466141.27308383,0.3158202321483832,38466289.38113353,0.9401125305871276,
pisasr_nofix,148,0.00543212890625,5.620793342590332,102.50471496582031,1.1627469062805176,109.29368734359741,176.8617148399353,38883729.02782712,38321003.66794605,-1.4472000858723173,38321147.12524185,0.5592420104939039,0.5112988860331589
